0	GB77LCIL31103634065349
1	GB51KGGD17545022203108
2	GB20HZWN13775406747418
3	GB97VWKK74127943684606
4	GB43OKNG17860437110741
5	GB76UQSL82025516712928
6	GB04JPSG88744540423916
7	GB59SWDN57249724297295
8	GB56JZRJ94632176452401
9	GB84AYJJ97408637771556
10	GB69IQDN23488460100231
11	GB52JGFU69914684176385
12	GB91ZOJB32338328954545
13	GB93GFHT07765543568485
14	GB84GHEZ82619247104280
15	GB64RUME57643697805792
16	GB72KHXY00396306647929
17	GB82ETEG98368697912942
18	GB73EQQP02838010088520
19	GB04JCTE92265839240585
20	GB85FDNI11384560112488
21	GB62PWSE68696753785555
22	GB31ZEWJ72038373670397
23	GB04PXMS87969248489037
24	GB44FSJI73775771432652
25	GB15EHVH54182718242581
26	GB31PDVA13263397224184
27	GB95FUOS85703589097881
28	GB18UEXC95539750817736
29	GB16UMFR29847642739017
30	GB41TQYK67870003062863
31	GB62DOJN51456101737305
32	GB63SPQM27159689193473
33	GB22AKKE29510567360686
34	GB20TFCE65260589911716
35	GB40INOC52683805349791
36	GB16DLBT87212201874585
37	GB37VTJO67859643667716
38	GB04KDSC35985966418165
39	GB42ONGC90208256850985
40	GB06RJOB81374802371999
41	GB92MPUF68031355965215
42	GB68CUYA78000100424174
43	GB65WVJL41669592663356
44	GB11NWBJ95963791246916
45	GB48CSGX69394215817995
46	GB11ZUWC27217640342924
47	GB05MMAE35919505925273
48	GB39MZFO01645624235850
49	GB60AXMO45200221209754
50	GB76XATS48422901811011
51	GB21RFUV74483344936540
52	GB93WSAJ41849133235399
53	GB60WKYN13527856641149
54	GB35ZCLK40906681954616
55	GB40KWXS72631552791537
56	GB59THYC05240297147858
57	GB73VASG57555190031219
58	GB59FAKC01806860056374
59	GB37QURJ64510220151199
60	GB15SPJP54708175527974
61	GB87NFVZ21593889063152
62	GB39IIUP19041162847387
63	GB74JESH52174780562345
64	GB83WHQB63720317962196
65	GB80SNNA47114542249203
66	GB52HNRW40502510308316
67	GB43XFGO07597372737977
68	GB32QBGV59151717175925
69	GB34MURR08963081031304
70	GB30WSQN96402702823823
71	GB81YECJ11088678655292
72	GB52OIYA60016055752533
73	GB50UYMW10728995064452
74	GB83SLKF81309440766017
75	GB87GYVT23649614816163
76	GB59IGCN04126406141978
77	GB39XVNU72796858695469
78	GB44XFVH76066128966463
79	GB37NHEY77617593489561
80	GB02QFQN09486367023310
81	GB14RGJR83131093498896
82	GB88DENA06710305829579
83	GB94UMJY13145025014058
84	GB63YXWZ29462514926180
85	GB31QULA82309808533900
86	GB83COJM25949897696025
87	GB02HZJU45567986677849
88	GB59HYJP15348509006034
89	GB93HPWW59669644016320
90	GB41JGEJ95716442326643
91	GB24WWXA76335541130824
92	GB98YVOU78913658003105
93	GB12FAUP25465162758719
94	GB38PCLL02589827023269
95	GB26TYUK58898375411702
96	GB29XLUR29703357703851
97	GB55LWFC41856174613643
98	GB37LWFO32360838798278
99	GB26BZZG52634037095999
100	GB61QBZR36914808208492
101	GB57BPOT47273686307926
102	GB88YSIY54970313163900
103	GB40AECG26922274086455
104	GB33TBRH12155152645237
105	GB29QGVT68383546624464
106	GB56CFWI53322312493714
107	GB44WBEE12972351676169
108	GB80AHXK93895845180274
109	GB57BFMQ23809299384974
110	GB19ABGC66495843378323
111	GB71ACUO39612682262568
112	GB66RNUD21247056664392
113	GB02EBYD15179704826350
114	GB95OLFL65395468787649
115	GB27XIHS26255344169098
116	GB37SJRW37972218655504
117	GB67AVXM69052944984770
118	GB92JOGI87596142810882
119	GB65GYFM36623050954634
120	GB15GTXF23428885725211
121	GB18JNGO80720590839770
122	GB09WXND09453911166986
123	GB27YWLE81417188856419
124	GB55MDIV25238501796607
125	GB04MVHK96695644240604
126	GB54YEZD34799581713542
127	GB05ZJKP22837042414654
128	GB87CDOR11951926277554
129	GB33VOUO58646979771513
130	GB05WWYF88097523493934
131	GB80EUVY84789799124818
132	GB36FKYD88864634971213
133	GB03NKDT78684513253773
134	GB73VNPV68163687247256
135	GB06ZAYA54315090530126
136	GB33NTCY44048530866115
137	GB23KUDN36775022237775
138	GB30NKTM88846755701553
139	GB78FUTO15144869298984
140	GB91MBRJ36691814339580
141	GB61WFXP39455109653149
142	GB33IUOX05312348359188
143	GB73YHNE57997745767468
144	GB02SRRY80324915715937
145	GB03QODD96482122011678
146	GB56TVVA60632505656048
147	GB24BTWO90812634682972
148	GB08PVGU35479474234750
149	GB38DZCL24049991421451
150	GB46AFWD08884302274987
151	GB73LBCI03621491922519
152	GB48NQLQ56450609662949
153	GB69IOSD18693317385143
154	GB86AZIW13042314402446
155	GB60LCPZ83254335788050
156	GB96LCMK28877891434451
157	GB87CKLV76359866098687
158	GB80CTSY45956827598771
159	GB25IARO19232155657015
160	GB16CMOM60170065201875
161	GB75FJLK03721429727565
162	GB17JBCT53515341907874
163	GB15ABPJ67198382587656
164	GB44PDVQ70977632711976
165	GB37KNLB85939480550895
166	GB95OEXO69673195818084
167	GB05GUQW46931403493781
168	GB26IXLG64613023058420
169	GB43FKYJ13327697866819
170	GB92LBLJ12891721526165
171	GB28FPBL97845317534663
172	GB75CWHN01050127159100
173	GB86QJMO28720223527421
174	GB47MZPD36776905285510
175	GB78EVDA48646914231396
176	GB64DFOE72685267243702
177	GB73WKMK40005958711140
178	GB66GSBW37667953925837
179	GB49UUYB01848028183801
180	GB04RNCC04734493298797
181	GB74ETGL72837046111595
182	GB33CFBC82209300103189
183	GB04BFCK41949424876508
184	GB08WAOX61753857542065
185	GB57EBZV09790053993622
186	GB25CYVJ49702052369035
187	GB72TDXG62507874441296
188	GB06RUMX42298960812469
189	GB17JUFF66856947873089
190	GB64YVUQ78741727763366
191	GB33FNTB85412946481191
192	GB45OXUQ20543803151622
193	GB83KJQI59583058089055
194	GB80EZHJ96492099061314
195	GB03LCVJ36645727300096
196	GB92GXWG84498107939941
197	GB73CSUX70593911158338
198	GB08AYVK57384983745716
199	GB51CSHB53043790622060
200	GB09KUTM67928450943176
201	GB15KSSQ24241781025848
202	GB83RZHC68434845415422
203	GB98EAND57645548444516
204	GB98CBFN74880625294910
205	GB39VRET11999922977055
206	GB76GVZX40998451442260
207	GB70CERO07094394073611
208	GB83RFSK46269804453595
209	GB23SYES23806458716704
210	GB78NACN79750149486752
211	GB91PBYQ30665360276435
212	GB41MSRC60308503082816
213	GB86WFHH98434583670606
214	GB89HCLH63155131838763
215	GB84EWIF76483686046340
216	GB21HBHT77170184686891
217	GB29MQHV12412973864203
218	GB40BCHL72385552416186
219	GB88RMJO30413002629672
220	GB05SEWD71681785230873
221	GB43IYNW55667508848642
222	GB66MFZZ45309071113297
223	GB35XGVK27356228372521
224	GB59VDTW10856148732808
225	GB90NGSJ96236818922419
226	GB14WHLE89036875495470
227	GB57OZGY57289949973293
228	GB71WPBK76108840460977
229	GB21DRPQ44754814710055
230	GB49NGNE94241523497746
231	GB79AVJO40803670142869
232	GB87DJBO29709743793805
233	GB53FKRL74622577150191
234	GB25DFPA22163508715941
235	GB71NPHG87670875610524
236	GB90IUAQ89942274841052
237	GB87YGMU00012332470242
238	GB33VUHA20867824258938
239	GB61NLWJ19638439628171
240	GB09KAZO21423370417088
241	GB37YJPS05875634843650
242	GB23QGLZ02651656985759
243	GB55CGCR24204135227227
244	GB57IILT34279376642669
245	GB43PLAN95113637583594
246	GB33JDOK21048722329810
247	GB96WKYX20474786004568
248	GB27GJVH32298486063586
249	GB36MOGP56095206220160
250	GB47MFBP66005051784598
251	GB20OSWC51843489862037
252	GB69NBAH92121212457802
253	GB35XTDN30454955830815
254	GB09TJSP21750757712216
255	GB79GBYO88432168163557
256	GB78KPOL91666908117270
257	GB54VIEW66174132645951
258	GB22MZQV73528934804261
259	GB24JYFJ14555427427752
260	GB37RMRZ14581884453345
261	GB58PCLR37337915177480
262	GB21MKOP77742571320277
263	GB25EMCY54756199559740
264	GB97JRDM17571883266483
265	GB17RNWP59981518217008
266	GB14QBTC27657950163285
267	GB74GJFX34457953154282
268	GB41TDZK11549425330118
269	GB27YVOY55727223726931
270	GB75AZDI62798593173330
271	GB09YRCJ83735996966276
272	GB66NNYY19080497298585
273	GB64ASJZ85932349274349
274	GB06UYFA94770700265315
275	GB66XWCW73801281714903
276	GB39XDDL65589210973603
277	GB78BLZB41428057436589
278	GB14VJTH54992211595083
279	GB43FYXN92086983641173
280	GB62PYCZ44662532697743
281	GB79KOTG38370199174470
282	GB17VZSO84109217872304
283	GB85USFW39412325478234
284	GB56XYZL64089980306530
285	GB81ZEZC40591335129512
286	GB19UQFS23772887638953
287	GB73BRGE25346088063167
288	GB09KIOI23710176129613
289	GB97WEIU31185126043031
290	GB76YEFP16591411618836
291	GB38AEAQ40189687196544
292	GB17WHNN67467785904865
293	GB23QWHH92830968121948
294	GB13YRNY64944632551687
295	GB70DMMV40030166674930
296	GB96PMEL77944326649200
297	GB32DICI05644293484780
298	GB70SXEY30023314438299
299	GB48SXCM97481754138120
300	GB02OTUW67843659963713
301	GB14RRFF14521632476087
302	GB85BYMS32263116593132
303	GB78ZGKD06175209879436
304	GB42BVGV24866045305571
305	GB97CFWD69586933540515
306	GB94ZUFO95955477690334
307	GB52INSE20159261234430
308	GB94KEWN89442689051642
309	GB19XFJV34233709632982
310	GB89PAER99599954639870
311	GB91AIGM35344940854560
312	GB48WQMF41461656372569
313	GB42MUIP28018262172915
314	GB35PNAL61813389896025
315	GB67LLRZ88445663109859
316	GB14XCPR52681623975068
317	GB57RQJM40418247369234
318	GB47IRUA96309663415773
319	GB08OWEC66578107291245
320	GB76FBQX24758449723442
321	GB51QHJW31129420155198
322	GB86FESC02136806779661
323	GB35GSXK14027023660765
324	GB54BWCF71764727821790
325	GB06KOKG56006577976310
326	GB74FGWE27682496281252
327	GB79MTUW78508763343594
328	GB58MKXX87635297416077
329	GB83VTEM98578241155087
330	GB79UBAW71142065106765
331	GB47ZLTH55438636918132
332	GB23HXPE30053709871737
333	GB72XAME66632054146342
334	GB14KOIM94086301355579
335	GB09QENO14723006544765
336	GB34NHAW45571648937654
337	GB73HVQW55455363631720
338	GB44QAOC70530708699914
339	GB75AVXE82027117471751
340	GB18CMSD14409218214518
341	GB85HPQV13875541511121
342	GB02SXMJ04237525847189
343	GB55BBUK69150159857893
344	GB80SZSW03718665146529
345	GB57QYGA13217756972048
346	GB78OLVD54972465428415
347	GB22JNJO74669252494197
348	GB55GZKU99287867602064
349	GB79OCLH31500983408762
350	GB97JIAP10325365011330
351	GB37HOBA06334568513314
352	GB70VADL79303271136159
353	GB96ZGHS39858935148045
354	GB41EQTK01721266926990
355	GB95IDDK74694720751089
356	GB43EDOI87943343364804
357	GB49AXAY20881081914498
358	GB89NLZH28506013544575
359	GB56ZBFW15173249869291
360	GB25CXKO99525063604592
361	GB20FBSJ33126310966945
362	GB79OCML21235014848069
363	GB30XFFC62583551926190
364	GB26YZLG87002813381676
365	GB76SVLG32199629833931
366	GB14BOSS40807322251728
367	GB19ZCHS54897052751709
368	GB48NFWC01500695502860
369	GB89QZIF47063415386120
370	GB72NBDX29641673582609
371	GB33OYEA24087577297312
372	GB48PHPO21501196898699
373	GB09XMXQ36517993464938
374	GB13OWQZ81904466366411
375	GB11GZMV07858821969832
376	GB07MACW17854961581666
377	GB92MQQO12275427596229
378	GB04BTEN42262474095523
379	GB98CDOF72197442308408
380	GB26HTZO76282289785134
381	GB52VNUG30482322793392
382	GB44HYBF04340015700102
383	GB33TCST36069678834217
384	GB07AWSW24058463647785
385	GB29RQXC06240815745839
386	GB22BJKT15943381726297
387	GB65GBXB31832789687227
388	GB09ILOT56350872953840
389	GB23BQQW81010982992818
390	GB42PNOS10969945650108
391	GB43HVNS77402120518477
392	GB08ANRC67613751052280
393	GB59MGIA27933159571619
394	GB68NNFX48199344743257
395	GB80NNKM25648121331214
396	GB25ZQPI96555346696010
397	GB65QXJK99900519134966
398	GB98WDDT88944523292471
399	GB91BUHO72547812787621
400	GB39JOFB59739343990105
401	GB56YYRX16053676815080
402	GB31IJBU58175614024448
403	GB79ZVEX42054412588854
404	GB36RRXM21356189694155
405	GB12OSIP33119719267947
406	GB06FZJY18135700306875
407	GB23JOEX12246283059033
408	GB09VQFL16558894090088
409	GB33KLFZ64526831353809
410	GB63ICIZ85468000496117
411	GB29PJVJ39931027984314
412	GB08ADNL97110800138127
413	GB29ZQNN51934816428613
414	GB70AWBV62497053967437
415	GB68CEXQ43637324553765
416	GB52JHML15693863635583
417	GB81LAML89066049250274
418	GB38ENOO97848062853862
419	GB52WEBM80390158877151
420	GB94YVIG84618752418204
421	GB97YTXV59259843330020
422	GB07OWAN28000441464482
423	GB52UWDG25857901370116
424	GB98UAKA26205011381388
425	GB93GPZR02200360030035
426	GB74GYIZ94691385290895
427	GB49MDVI10783709703168
428	GB88JSSN23988930904576
429	GB14ZXAF58470878878869
430	GB21LZIC64933070413798
431	GB46JDPN38650709012926
432	GB62YVYR33262746729811
433	GB42KNCY69045197914804
434	GB33YPIB13956271733800
435	GB52KZKU45550700497758
436	GB19IPRM51677318297300
437	GB91JWDX92963130653615
438	GB73GKIQ16186985057140
439	GB70OTJG86913634760574
440	GB56LLVQ84107910075151
441	GB61JDBQ14425442007599
442	GB89UHTP84167132348412
443	GB55FEMA77149628914492
444	GB92NQZI21209964297449
445	GB84CDXB71886903904252
446	GB36BSWP41705130982042
447	GB96VUGV25612787653105
448	GB75CFSN44389549369116
449	GB32VAEL28854194998489
450	GB04HEXX95199328159062
451	GB80NARB10003288318487
452	GB43WSMF01834591893562
453	GB31KEBA30318905516269
454	GB23PDFW62331345827046
455	GB13GZXP41709576732936
456	GB27NOTV58650972166960
457	GB14BYKB97815389351870
458	GB40ZQVN62516696279921
459	GB49TCWH70471310356010
460	GB62VAXV05828356660997
461	GB12HORC44856134569823
462	GB87IVSC65955693792064
463	GB21VCWO00839330867335
464	GB53SBTD54731290181964
465	GB36UMFD57953216326857
466	GB21WPTT85159674537854
467	GB59WMJG15557264186801
468	GB50DKWA89378822281963
469	GB28RXCW24641179983048
470	GB70LSCD25514467207972
471	GB39USYK57360445259159
472	GB39WKRK90530269799226
473	GB84LGQZ70668866947132
474	GB66KHCF98465572286330
475	GB79XIJI47139238505191
476	GB72RBKG12330504910044
477	GB16HDAQ99762080241691
478	GB26RMFT28692091486577
479	GB03TSNM06909910659361
480	GB66EULY56165569920234
481	GB37NFHB15375232035674
482	GB04NQCN58571838594697
483	GB84WIOD85187869947347
484	GB11HZAZ23485544271561
485	GB27OXEJ77176065473669
486	GB21HPON85051434590081
487	GB89FOFM45950706982242
488	GB02MGWR19871431654698
489	GB96XPSO82742825229866
490	GB83TZSO77208007634423
491	GB06ZWRV63833145204623
492	GB60TPNW19080170599179
493	GB93MHAO27704738034660
494	GB41DOSV62126709483023
495	GB72SRIL61282005706885
496	GB28TTXZ36757041456694
497	GB63SUCP34114443735156
498	GB69WZRY43142455746116
499	GB80TIVT66887290608175
500	GB02SHEU87824666154900
501	GB39TDPZ18557470059646
502	GB92OGTI61128711855534
503	GB96PVGE52550362942747
504	GB78MASR63791955040539
505	GB25RBSM38222860228007
506	GB54DFYF54293583821690
507	GB69OMOX96663233717430
508	GB42WERD80967857931348
509	GB34KFSV09308531005624
510	GB55EUAR11250529464376
511	GB46XOJC46877542088199
512	GB02ZBXB99693452349848
513	GB62MRTK45860562995508
514	GB17QUAT47279608324038
515	GB20GKZQ02699791309279
516	GB82HZBD97935672175890
517	GB45CBNO76500836904032
518	GB88OJVA40245056580366
519	GB37WSME33543962690919
520	GB76ARJA04484948391564
521	GB54XSQH97032294893257
522	GB02MMVL16891180264740
523	GB44EHCE98394938644760
524	GB25IFZV21420032098468
525	GB24DFGF37198751945983
526	GB91GYFS25398659258166
527	GB06YJFZ88243305104572
528	GB14HRUB28785804886736
529	GB51HTLD49194913584867
530	GB87JKHW80334747470155
531	GB20ZUBW16093234647016
532	GB78UXWS36246003966376
533	GB44EQBF87027031087360
534	GB70VQSQ49474916206386
535	GB75IWSW33356876851806
536	GB12WSHU37910313934005
537	GB92QMHX59249319243774
538	GB19SGJA42858065788219
539	GB51CNBW35239475199257
540	GB40MAUH49155338385192
541	GB74AKKD84439093648133
542	GB69KSWH17336847431141
543	GB63IQLL60013753605597
544	GB61TVFX64435444555139
545	GB20NBWY94277938900990
546	GB89ZBNW27389936254276
547	GB16VDDP07160394763563
548	GB32SBNO38155665051546
549	GB35KNNO21684020702642
550	GB08IGBV36991963799444
551	GB37CRJQ49924597296433
552	GB43FTNM56727316147837
553	GB95MQCX02612170055361
554	GB56LWUP82161226225461
555	GB56EEVB18597588204043
556	GB35TBZP54188555781789
557	GB98QHSB89161899382814
558	GB69JYLF25827011960261
559	GB60XYAP91642829723274
560	GB95ECRA90378878905511
561	GB90ZAFV11071149013635
562	GB68QKDJ89340264239161
563	GB32XMMX58365616809173
564	GB63QZAI65828104511390
565	GB11OXEP22578192270336
566	GB93ZDBY11318001481197
567	GB54PMWC11388962238607
568	GB73CKMC61665381798136
569	GB88OZMT41182712556762
570	GB91MYXX30811473480556
571	GB33CLKG71031362244165
572	GB31CUKN79981838704302
573	GB46RHJF20612289249026
574	GB96LBQE53732061681569
575	GB31CXWA01572655929360
576	GB06LQPC32146074666173
577	GB23FAKA53247626136597
578	GB56BYFB58681483086993
579	GB42TWKA75839306784555
580	GB86MMPW62912911337460
581	GB05YQTR23178980355956
582	GB36LWPP99450831846110
583	GB60VOMY43359643641581
584	GB03ESPK61953764490869
585	GB60RANG43429505855750
586	GB76SMSQ41514636096374
587	GB69LYRC35737350152768
588	GB59VKYV21508593397515
589	GB11ZPIE32251764899358
590	GB95TVQC36686773548156
591	GB08KDUF56148211985426
592	GB95GRIV94252128097586
593	GB13FHZZ73994678313483
594	GB54AAKG12236337059401
595	GB71TQVI24732892517747
596	GB71DCYG48295156930068
597	GB54UXWW52468652383557
598	GB46XAPX85068686722086
599	GB78WPKF06454060026378
600	GB58WDZF08648930173133
601	GB77UDSQ36183729571022
602	GB93BENX17170975915824
603	GB28MXNF47656897701074
604	GB95QFSW30505648271033
605	GB82OVTZ43756360523761
606	GB30REHO92699471902885
607	GB81YNQC27852411180273
608	GB92KYGR14888718378563
609	GB23WKBA36748212962666
610	GB65SATM14045768169528
611	GB71RZSD72682599387693
612	GB96JGLW16815589132286
613	GB98RHYU47624982068465
614	GB52DIDF53701668649601
615	GB41XDYC91173553434289
616	GB58UPNN42577017014857
617	GB68PRMT79222749279283
618	GB55CXTD57755044230076
619	GB37KFPQ86722999092635
620	GB11QEDK40044506601086
621	GB62KKMQ21642135174477
622	GB76RFEX91308955308410
623	GB35SHIJ13562609437187
624	GB87WZXN30289699967285
625	GB02BLZY39535063508698
626	GB45DOYF91017713622442
627	GB64MSBO43433587449085
628	GB77FPOG93291680775178
629	GB69MCHK28062476958798
630	GB08PFTY13553869745905
631	GB43AWHW88899688000499
632	GB23SPGQ65877380704118
633	GB38JTZL75195216416169
634	GB37IXYH49393641956342
635	GB11CWMY71422452362483
636	GB75NDIO59837658832417
637	GB77JRDW90782717093228
638	GB74XTVV17369401827089
639	GB55ZKDM07543441449442
640	GB97DWZT88847246334287
641	GB20OQRV13581452234289
642	GB61AWCM37664669575250
643	GB66HWRB21093974993002
644	GB13EWBB94659410190161
645	GB92LOOC66932132474631
646	GB56QAJC94681978335050
647	GB40REUL44084890706669
648	GB03CKFL40594309110241
649	GB39MNYW67457074589072
650	GB91AOIT71658844960338
651	GB36SJOF41078134001537
652	GB25SPNG60587149573085
653	GB05EQPE44296736318848
654	GB41GZQA52877300394187
655	GB97YQYG04995273888773
656	GB19LAED17064905699339
657	GB89CVGI08111869202572
658	GB42HEGK32896706175345
659	GB74UZAW94460333378946
660	GB05TEBY10549735062173
661	GB21XXFA70607732179322
662	GB25DMIA40447237680794
663	GB33JXMK07007638085845
664	GB23PZPR71815521243870
665	GB93RGXZ42891275673409
666	GB94FKFQ97780982786934
667	GB93JEXW38847884539303
668	GB82HWWX96918198697538
669	GB62QWEN88695590839263
670	GB49KZXX20745695455421
671	GB11RWYG81069053356325
672	GB45ESGM72202890071573
673	GB17JVBV52627583007917
674	GB30PRJE13704529210653
675	GB74IHVU48775084351284
676	GB63DGHO25978530537767
677	GB55NQJH32125416188610
678	GB45YGTC96986091971184
679	GB06TXNL44328208328384
680	GB90UTXM33098395337466
681	GB52EDRB43873947752060
682	GB69VEXR74562472486261
683	GB95HTNO43309271946486
684	GB65DZMT19341183536043
685	GB07JCUH91666082730225
686	GB53JZQN34180493395572
687	GB81XZFA39455013861467
688	GB30QHNX67124643868334
689	GB47AQVX69266194157488
690	GB15HYRV97116095089557
691	GB42NOQI10720055619726
692	GB31SORS01132274495950
693	GB30YJIV69856703544657
694	GB11WARE63389347743672
695	GB16KEZZ69936692651715
696	GB21FJCX28662807920522
697	GB16YAHI22288296821030
698	GB59DGFI81062617228753
699	GB80ABOJ37174738806717
700	GB37IMMG19426898966883
701	GB57EFCO14751309140380
702	GB47WMXL05744987184561
703	GB09RBCS33903560147138
704	GB65TUIQ61269475296361
705	GB13JIVF05178278262070
706	GB14CFZN78657012983791
707	GB21FBTO40739527934020
708	GB43POTW05027183988190
709	GB04MMWJ66653112160917
710	GB32BATB66786810506283
711	GB82RNYN83506397505734
712	GB92FMAQ03975280689666
713	GB48UNLD34876663045503
714	GB79HXSS03583764446671
715	GB34QDZL89198122631902
716	GB87TDTO41197284523175
717	GB42BBIL10995241211673
718	GB93VOXN12330593822478
719	GB70AEXU72876476765411
720	GB74SXGL28688871836676
721	GB88KPHM40654600544293
722	GB17KZJF99119246074638
723	GB58LZZE78044175476202
724	GB03NPDT55653195852714
725	GB50VVND26710049808066
726	GB68VYKW32850135448132
727	GB47OEIW52754279282655
728	GB13XZJF00138872088711
729	GB13AYSW31773100294207
730	GB21MRWF37647175850874
731	GB16ITPH58990734393697
732	GB60KZCE37523205202756
733	GB11ZTNA96161662974753
734	GB78BZYL85594630969213
735	GB94AYHQ05172810295149
736	GB63CMHX62625255583409
737	GB45RPCN96901422877824
738	GB17XFLC06741905510790
739	GB76FBIW19542455834243
740	GB34UTWQ26906007679608
741	GB84QVLW35333692214996
742	GB70APJK77478449238581
743	GB86QMGL63593756329040
744	GB75FZXQ20705270640408
745	GB96NUDA21557616452058
746	GB12WGNG77154572752722
747	GB33NJSG87009992148479
748	GB46EVTK76025922161484
749	GB10LNRN21730406157338
750	GB21JDAQ59399915437049
751	GB63QLMU01935330589106
752	GB71LRSV12103275851749
753	GB45VKHK24171267910237
754	GB39VUPN27659759040403
755	GB39LMOO60325839158719
756	GB66IMRL53237824862803
757	GB76GYAF97637338841965
758	GB71ZDHO92821110106613
759	GB31GTKM75527741061837
760	GB12DPAK53342842707858
761	GB26KDIR25864072037491
762	GB92OCZP21911138620374
763	GB54PHJG20300241048934
764	GB71GSMF99479545246336
765	GB30HDQQ11059581021646
766	GB85AZUS60995758930596
767	GB75AGDY08544108955204
768	GB80ZQMF59135320334770
769	GB80RTRR92534103589885
770	GB32UGFT01179162062600
771	GB10JULI35342315552687
772	GB38YPYV25179400113890
773	GB49MZGE99473866856105
774	GB31GZVV67818173742755
775	GB85YIZQ40240318471190
776	GB61ZNUQ92444036008742
777	GB94CPBA17499437639242
778	GB04NRYO88244243599862
779	GB82TUAQ89559886756963
780	GB38VASJ15315009870464
781	GB46CTCK54392123127079
782	GB45ERSG11503122629734
783	GB79QELV04828299081615
784	GB50CISN49802525009850
785	GB31CFBI06350461516703
786	GB67WCCJ20755224938132
787	GB27RZUA06892017296313
788	GB50SEZQ07067124715662
789	GB51AOPQ49735718296956
790	GB40OXTT85644527587331
791	GB69AHCB96172859687619
792	GB35OZWW16884006011442
793	GB59WDWL54857027986268
794	GB97SYMO54926666968458
795	GB85PDNY72058743304996
796	GB61BPJZ15106703451726
797	GB26YQFM48190833661953
798	GB22KLUI28362053752415
799	GB25DIHU92840065861282
800	GB77SXPE80696889604060
801	GB74HRJV11331721181155
802	GB72FOCS28652378939010
803	GB44VLZU12854146816027
804	GB36TJEH71306768673232
805	GB98KTCF10006876015669
806	GB84RPRX17883982098416
807	GB78FDYD55277491186793
808	GB39HOJZ51942998935929
809	GB03TAFW33965758549065
810	GB17GBQM38846305148933
811	GB50WLHY47499232606110
812	GB16TBPQ07994105478406
813	GB67HTEX05443755433058
814	GB59DKYG79777959223078
815	GB66ERJT76177439953353
816	GB80OEBE76944923323003
817	GB44BWYN51983982440870
818	GB46YGES64375700984745
819	GB19UECL63306187159707
820	GB41JVFM89020011427909
821	GB72FYPB33586661165201
822	GB19VFSY45882142009154
823	GB84ESCV63862830002645
824	GB67CAZQ75813049489060
825	GB89BYZT64877286150363
826	GB81JDXX13086541508137
827	GB49LBKO92407472389357
828	GB26BKRR41326673219331
829	GB42EGGV50600767669745
830	GB78KSFD17536216500100
831	GB90FIRJ25042360644311
832	GB79AZQG99586291340688
833	GB67VFPN59110268194747
834	GB33KTZQ99240044284072
835	GB20YDOC10157288093592
836	GB77MDTC31332114682530
837	GB02SOYD89378380951075
838	GB76PHWS09498804752728
839	GB19LVWL63217497572568
840	GB94ZOWO97994188744885
841	GB07SSKA17436803275376
842	GB81LYUI32886890346049
843	GB53WORY80681597630253
844	GB05DYAY41962046284242
845	GB56YVWE27598304445101
846	GB78EYEV68691984923158
847	GB25PQLH17542279564920
848	GB13JQII25756015328867
849	GB67UWWN12754105493269
850	GB02KANX78802896782915
851	GB52KAVI42518278642549
852	GB75FSUM08576470037093
853	GB31PQNC53038626188449
854	GB49PGGY03690396743439
855	GB92PXHR87376852499042
856	GB12SZKA53154240056510
857	GB59EAJR70198577610197
858	GB70OTKB67896094110592
859	GB36ZULQ90812401930476
860	GB52ERFJ08119174027465
861	GB43CYHJ05306427076843
862	GB07MZXR80864500460291
863	GB38CEVU27059027992319
864	GB42CILD49760359992106
865	GB49IOJT47095336294942
866	GB66NHGW26031987490090
867	GB67UIYW69385909288775
868	GB04OLNK26749175285082
869	GB36ZIFE11049792944515
870	GB26ASRD81302023067505
871	GB10LEON10346850520589
872	GB71BYZM70765166268774
873	GB73MREQ05170225935712
874	GB39AZUK31731251653226
875	GB82WLOG41588082700207
876	GB64CTIT44209651928031
877	GB63KOMZ35032590112317
878	GB04QNFB23950626373473
879	GB47IGFN20312075920112
880	GB79WJAW99421568046035
881	GB30KOHF86397440109288
882	GB36LGTO37309268231398
883	GB17HTXH10510353265705
884	GB07LOAM22078113770633
885	GB49LEXF43751590352273
886	GB25FCAV52537146984104
887	GB14UFNE36572908525183
888	GB71JINL98151118255390
889	GB20MPNF17269742226752
890	GB83UFTK95639446491309
891	GB15CBXR16736063413397
892	GB64AJLQ64756756116639
893	GB49SORU54691531956678
894	GB77FTTR66062228927092
895	GB22WVRY91319898953046
896	GB45WVHL56477618815871
897	GB88TDMR29933845246114
898	GB71QZLK25407705526065
899	GB35GRYL84236816091245
900	GB82CNRH52312862801350
901	GB22AZDK99638589922642
902	GB29AYMC89301251876237
903	GB46DZCD22969569157699
904	GB75RUXC53990319275170
905	GB87REKN74302681436027
906	GB61CHIY88022696126925
907	GB05QSYB69205988425149
908	GB16XELP92449928654604
909	GB46FSIV70750917350768
910	GB85UNLU49910817157861
911	GB92TCUJ66990392346652
912	GB34TGPB16002394367234
913	GB88JNII96011842128094
914	GB86CNYB40693767502119
915	GB35SHPP50245001907397
916	GB60PIWR11958416459238
917	GB44FDLU72104557577978
918	GB97VUEK37264649045042
919	GB55QOQB87269718831186
920	GB10HNTU94393933907896
921	GB96NNNU03276419801812
922	GB66HWAV96944648741940
923	GB57PEAJ32020009087234
924	GB06QLFC82337100143174
925	GB31QDOL59223488935552
926	GB77JPBI33961800819399
927	GB31RCYH75272689028077
928	GB96BRVH77185347686493
929	GB89RQPF59973985330754
930	GB21SRGO92392554564659
931	GB09QYKA74032119650402
932	GB88ENTW56714496925395
933	GB61ELAP19633736304835
934	GB83NTFN98655007463351
935	GB12KZAY94135281140358
936	GB24PYBM41631043694185
937	GB91GHPD26092581837824
938	GB39UCBJ76421058340103
939	GB68GOEG05401527160452
940	GB94TOFI34214868664885
941	GB78JUAI44337054056258
942	GB87HSNS08081381060154
943	GB95HMLJ25471128283853
944	GB22RXKU96134578316719
945	GB78SQHB10984276669317
946	GB40SOBB58590039062684
947	GB69AKPJ19678300216150
948	GB87UFFS67490670296935
949	GB93UHBF34160830757865
950	GB41OFOZ88928079631549
951	GB78DBTT93300019191597
952	GB32VACE87027509435587
953	GB86KLPG89383444184070
954	GB46YUOX12780465728693
955	GB96JUZY41911733446226
956	GB29TMWP36701469688605
957	GB93ZIQS19903161597053
958	GB83ODTR76989084589512
959	GB33TCOM28490999906151
960	GB85UVPN40816485219546
961	GB13XDYM40622603479270
962	GB44QEYT65418488077632
963	GB56AQKR52908565910509
964	GB21JMZQ78060607263470
965	GB55EXQE50366882236824
966	GB46GWXJ74343895171926
967	GB85WKTF87382134454189
968	GB54LTVD33635769560985
969	GB11DUIC19600070039415
970	GB29QRJA46630253702091
971	GB51IWED11548611585307
972	GB89JQUF88219438788635
973	GB98CSIP40176429509691
974	GB29CITP59060234002487
975	GB77LLFZ93949710688318
976	GB19LUVT89349340067219
977	GB70SFCO12841175362688
978	GB77SIGS74850272219137
979	GB72GVJB39055391842554
980	GB82KDYF94199645690977
981	GB12ZMSR56327857645235
982	GB26PTXN64566530095305
983	GB23ZXYR27537738501044
984	GB81KALT39716959509619
985	GB20EUWU05154293208415
986	GB63UTNF39069369275729
987	GB75KSDJ54882380325457
988	GB14YFLQ24812664067507
989	GB75PAXT98656062808377
990	GB38KZNX47253899430801
991	GB06QUPR08600145328404
992	GB09SSMM78310414008897
993	GB89EVKZ87320088164263
994	GB10QGKZ42901794083212
995	GB29PMEB10988124018238
996	GB16DKGS68991894453034
997	GB91CSTG47223732284725
998	GB85VOHC44781834960709
999	GB09OVSU74075413622981
